City,State
潍坊,安丘市
滨州,滨城区
淄博,博山区
滨州,博兴县
菏泽,曹县
潍坊,昌乐县
潍坊,昌邑市
菏泽,成武县
青岛,城阳区
聊城,茌平县
泰安,岱岳区
菏泽,单县
德州,德城区
菏泽,定陶区
聊城,东阿县
聊城,东昌府区
日照,东港区
菏泽,东明县
泰安,东平县
东营,东营区
潍坊,坊子区
泰安,肥城市
临沂,费县
烟台,福山区
莱芜,钢城区
潍坊,高密市
淄博,高青县
聊城,高唐县
聊城,冠县
东营,广饶县
烟台,海阳市
潍坊,寒亭区
临沂,河东区
东营,河口区
济南,槐荫区
威海,环翠区
淄博,桓台县
青岛,黄岛区
滨州,惠民县
青岛,即墨市
济南,济阳县
济宁,嘉祥县
青岛,胶州市
济宁,金乡县
临沂,莒南县
日照,莒县
菏泽,巨野县
菏泽,鄄城县
东营,垦利区
潍坊,奎文区
莱芜,莱城区
烟台,莱山区
青岛,莱西市
烟台,莱阳市
烟台,莱州市
临沂,兰陵县
临沂,兰山区
日照,岚山区
青岛,崂山区
德州,乐陵市
青岛,李沧区
济南,历城区
济南,历下区
东营,利津县
济宁,梁山县
聊城,临清市
潍坊,临朐县
临沂,临沭县
德州,临邑县
淄博,临淄区
德州,陵城区
烟台,龙口市
临沂,罗庄区
临沂,蒙阴县
烟台,牟平区
菏泽,牡丹区
德州,宁津县
泰安,宁阳县
烟台,蓬莱市
青岛,平度市
临沂,平邑县
济南,平阴县
德州,平原县
烟台,栖霞市
德州,齐河县
潍坊,青州市
德州,庆云县
济宁,曲阜市
济宁,任城区
威海,荣成市
威海,乳山市
枣庄,山亭区
济南,商河县
聊城,莘县
青岛,市北区
青岛,市南区
济南,市中区
枣庄,市中区
潍坊,寿光市
济宁,泗水县
枣庄,台儿庄区
泰安,泰山区
临沂,郯城县
枣庄,滕州市
济南,天桥区
济宁,微山县
潍坊,潍城区
威海,文登区
济宁,汶上县
滨州,无棣县
日照,五莲县
德州,武城县
德州,夏津县
泰安,新泰市
枣庄,薛城区
济宁,兖州区
聊城,阳谷县
滨州,阳信县
临沂,沂南县
临沂,沂水县
淄博,沂源县
枣庄,峄城区
济宁,鱼台县
德州,禹城市
菏泽,郓城县
滨州,沾化区
淄博,张店区
济南,章丘区
烟台,长岛县
济南,长清区
烟台,招远市
烟台,芝罘区
淄博,周村区
潍坊,诸城市
淄博,淄川区
济宁,邹城市
滨州,邹平县
