"thewords","Freq"
"金刚狼",397
"英雄",178
"教授",135
"超级",96
"23",84
"变种",82
"能力",79
"世界",56
"系列",53
"希望",45
"漫画",44
"劳拉",43
"非常",38
"美国",36
"所有",36
"成为",35
"时间",35
"生活",33
"删减",32
"对于",31
"未来",31
"需要",31
"一次",29
"大家",28
"孩子",28
"很多",28
"一直",28
"曾经",27
"感觉",27
"不再",26
"甚至",26
"保护",24
"拥有",24
"中国",24
"作为",24
"女儿",23
"无法",23
"现在",23
"战斗",23
"出来",22
"反派",22
"年轻",21
"时代",21
"一下",21
"不能",20
"豆瓣",19
"而且",19
"接受",19
"片中",19
"评分",19
"如此",19
"事情",19
"一起",19
"应该",19
"毕竟",18
"粉丝",18
"合金",18
"基因",18
"镜头",18
"如何",18
"特别",18
"为什么",18
"一场",18
"以及",18
"预告",18
"真实",18
"真正",18
"整个",18
"蝙蝠",17
"部分",17
"成功",17
"而是",17
"黑暗",17
"或者",17
"来说",17
"朋友",17
"同时",17
"问题",17
"变成",16
"发现",16
"愤怒",16
"公司",16
"还有",16
"经历",16
"控制",16
"骷髅",16
"期待",16
"杀死",16
"身体",16
"失去",16
"特效",16
"一切",16
"宇宙",16
"最终",16
"别人",15
"不同",15
"当年",15
"告别",15
"后来",15
"即使",15
"几乎",15
"继续",15
"卡利",15
"情怀",15
"生命",15
"武器",15
"喜欢",15
"选择",15
"一点",15
"永远",15
"直接",15
"帮助",14
"队长",14
"发生",14
"父亲",14
"告诉",14
"克隆",14
"来自",14
"那些",14
"逆转",14
"其他",14
"杀人",14
"身边",14
"实验",14
"同样",14
"完全",14
"下去",14
"项目",14
"至少",14
"打斗",13
"几个",13
"老人",13
"名字",13
"能够",13
"其中",13
"起来",13
"强大",13
"情感",13
"然后",13
"人类",13
"任何",13
"殊死",13
"死亡",13
"天启",13
"痛苦",13
"一段",13
"由于",13
"原野",13
"找到",13
"拯救",13
"蜘蛛",13
"版本",12
"表演",12
"残疾人",12
"动作",12
"而言",12
"感受",12
"孤独",12
"经典",12
"来到",12
"两个",12
"内心",12
"你们",12
"普通人",12
"骑士",12
"上映",12
"身上",12
"实在",12
"使用",12
"死去",12
"逃亡",12
"牺牲",12
"一刻",12
"一路",12
"依然",12
"以上",12
"影迷",12
"遇到",12
"之间",12
"暴力",11
"并且",11
"不断",11
"场面",11
"大多数",11
"带来",11
"敌人",11
"改变",11
"公路",11
"关于",11
"回忆",11
"基本",11
"讲述",11
"竟然",11
"类似",11
"利用",11
"墨西哥",11
"片段",11
"杀戮",11
"设定",11
"西部片",11
"细节",11
"现实",11
"相信",11
"想到",11
"血腥",11
"英雄主义",11
"原来",11
"这里",11
"子弹",11
"自我",11
"本身",10
"财富",10
"产生",10
"充满",10
"打算",10
"等等",10
"第一次",10
"多么",10
"多少",10
"儿子",10
"个人",10
"各种",10
"根本",10
"好莱坞",10
"或许",10
"结束",10
"蝰蛇",10
"暮年",10
"那样",10
"内容",10
"人生",10
"认为",10
"十分",10
"似乎",10
"素食",10
"塑造",10
"他人",10
"完美",10
"晚上",10
"消失",10
"小孩",10
"形象",10
"也许",10
"一般",10
"一家",10
"一句",10
"一天",10
"长城",10
"爪子",10
"真的",10
"终结",10
"主义",10
"组织",10
"24",9
"爸爸",9
"背景",9
"比如",9
"编剧",9
"博士",9
"程度",9
"大战",9
"更加",9
"过去",9
"好看",9
"画面",9
"幻影",9
"家庭",9
"简单",9
"进行",9
"经过",9
"精神",9
"老年",9
"里面",9
"每天",9
"票房",9
"日本",9
"伤害",9
"受到",9
"体内",9
"通过",9
"突然",9
"心理",9
"研究",9
"以前",9
"因此",9
"影响",9
"原因",9
"正常",9
"正义",9
"制作",9
"重要",9
"主角",9
"14分钟",8
"IMDB",8
"扮演",8
"爆发",8
"本来",8
"比较",8
"表示",8
"不要",8
"残酷",8
"场景",8
"除了",8
"从此",8
"大脑",8
"代表",8
"地球",8
"电影节",8
"疯狂",8
"复仇",8
"复活",8
"感情",8
"工作",8
"关系",8
"国内",8
"黑白",8
"忽略",8
"护士",8
"回来",8
"机会",8
"计划",8
"价值",8
"见到",8
"结果",8
"解释",8
"就是",8
"可是",8
"历史",8
"两部",8
"美好",8
"那里",8
"努力",8
"轻松",8
"情况",8
"去世",8
"全部",8
"群体",8
"人们",8
"如今",8
"饰演",8
"司机",8
"提到",8
"提供",8
"下来",8
"现场",8
"一生",8
"一条",8
"一位",8
"依旧",8
"以后",8
"以至于",8
"译名",8
"意义",8
"因子",8
"银幕",8
"有人",8
"这次",8
"只能",8
"值得",8
"重新",8
"状态",8
"足够",8
"17年",7
"变异",7
"表现",7
"不可",7
"彻底",7
"沉闷",7
"出于",7
"单纯",7
"登场",7
"父母",7
"改编",7
"改造",7
"感到",7
"好像",7
"欢迎",7
"即便",7
"剑齿虎",7
"交代",7
"今天",7
"金属",7
"就算",7
"巨人",7
"剧本",7
"决定",7
"看看",7
"肯定",7
"了解",7
"理由",7
"另外",7
"轮椅",7
"每个",7
"明显",7
"目前",7
"那种",7
"女孩",7
"评价",7
"评论",7
"缺陷",7
"然而",7
"任务",7
"三个",7
"杀手",7
"伸出",7
"身份",7
"失落",7
"始终",7
"是否",7
"首映",7
"衰老",7
"所谓",7
"唯一",7
"温情",7
"文艺",7
"文章",7
"无论",7
"昔日",7
"想法",7
"谢幕",7
"眼睛",7
"眼中",7
"一把",7
"一本",7
"一步",7
"一只",7
"音乐",7
"印象",7
"影评",7
"照顾",7
"之外",7
"主要",7
"注定",7
"赚钱",7
"18年",6
"2029年",6
"DC",6
"MAN",6
"柏林",6
"包括",6
"爆米花",6
"笔者",6
"必须",6
"差点",6
"超人",6
"车子",6
"成长",6
"承受",6
"惩罚",6
"此时",6
"从来",6
"大概",6
"大量",6
"诞生",6
"当时",6
"导致",6
"到底",6
"得到",6
"电影院",6
"多年",6
"方式",6
"父女",6
"父子",6
"感动",6
"过程",6
"毫无",6
"核心",6
"黑人",6
"后面",6
"辉煌",6
"获得",6
"机器",6
"基地",6
"极其",6
"既然",6
"加拿大",6
"骄傲",6
"居然",6
"绝望",6
"看见",6
"可惜",6
"力量",6
"留下",6
"满足",6
"慢慢",6
"描述",6
"男人",6
"难道",6
"内地",6
"培养",6
"桥段",6
"去年",6
"确实",6
"人格",6
"日子",6
"上帝",6
"生化",6
"失望",6
"实验室",6
"视频",6
"弑父",6
"手机",6
"属于",6
"双手",6
"说明",6
"它们",6
"台词",6
"套路",6
"特写",6
"危机",6
"危险",6
"微信",6
"文化",6
"武士",6
"想象",6
"小伙伴",6
"压抑",6
"养老",6
"一名",6
"以下",6
"英文",6
"影院",6
"于是",6
"早已",6
"展示",6
"战胜",6
"整部",6
"制造",6
"主题",6
"注入",6
"TA",5
"安排",5
"保持",5
"悲壮",5
"标签",5
"不错",5
"不少",5
"不知",5
"猜测",5
"参加",5
"残暴",5
"苍老",5
"呈现",5
"垂暮",5
"纯真",5
"存在",5
"打败",5
"大片",5
"担心",5
"第三部",5
"第一",5
"定义",5
"独立",5
"对抗",5
"对象",5
"反而",5
"方面",5
"分别",5
"辐射",5
"钢铁",5
"根据",5
"公众",5
"姑娘",5
"故意",5
"雇佣",5
"观感",5
"观看",5
"官方",5
"国家",5
"好评",5
"话语",5
"坏人",5
"回复",5
"机械",5
"肌肉",5
"极为",5
"几年",5
"记得",5
"继承",5
"加入",5
"加上",5
"简直",5
"建立",5
"僵尸",5
"尽管",5
"巨大",5
"绝对",5
"崛起",5
"科学家",5
"咳嗽",5
"可怕",5
"狂暴",5
"两位",5
"路人",5
"每次",5
"命运",5
"目的",5
"幕后",5
"那场",5
"那天",5
"帕特里克",5
"平静",5
"凄惨",5
"契约",5
"情绪",5
"全球",5
"人性",5
"忍受",5
"仍然",5
"深刻",5
"神秘",5
"剩下",5
"尸体",5
"世间",5
"事实",5
"首先",5
"首映式",5
"瞬间",5
"提醒",5
"体现",5
"屠杀",5
"完成",5
"温柔",5
"无力",5
"五十年",5
"午夜",5
"西部",5
"想起",5
"小时",5
"心中",5
"幸运",5
"性格",5
"学校",5
"也好",5
"一代",5
"一颗",5
"一幕",5
"一年",5
"一丝",5
"伊甸园",5
"以往",5
"意气风发",5
"意味着",5
"有的",5
"愿望",5
"战争",5
"之类",5
"之一",5
"只不过",5
"只要",5
"职业",5
"致敬",5
"主流",5
"主演",5
"著名",5
"准备",5
"自然",5
"自由",5
"总是",5
"最初",5
"尊重",5
"10",4
"2000年",4
"保留",4
"报告",4
"暴风",4
"悲剧",4
"背负",4
"边缘化",4
"表达",4
"病毒",4
"不得不",4
"不够",4
"不管",4
"不堪",4
"不幸",4
"不已",4
"不在乎",4
"不止",4
"采访",4
"差不多",4
"尝试",4
"成员",4
"吃饭",4
"仇恨",4
"出演",4
"触动",4
"传统",4
"创作",4
"猝不及防",4
"打动",4
"打工",4
"的话",4
"电话",4
"动物",4
"对待",4
"对手",4
"而已",4
"放出",4
"讽刺",4
"凤凰",4
"感应",4
"刚刚",4
"歌曲",4
"给予",4
"工具",4
"攻击",4
"关键",4
"广电",4
"行动",4
"好好",4
"后者",4
"缓慢",4
"幻想",4
"荒野",4
"恢复",4
"回答",4
"回归",4
"混乱",4
"货物",4
"极端",4
"记者",4
"技能",4
"家园",4
"坚持",4
"艰难",4
"见证",4
"接近",4
"解决",4
"借口",4
"紧身衣",4
"进入",4
"惊讶",4
"精彩",4
"酒店",4
"开车",4
"看似",4
"渴望",4
"刻意",4
"客人",4
"恐惧",4
"口中",4
"困境",4
"理解",4
"理想",4
"灵魂",4
"露点",4
"妈妈",4
"没什么",4
"勉强",4
"面对",4
"面临",4
"明白",4
"某些",4
"母亲",4
"墓碑",4
"难得",4
"难以",4
"年老",4
"年迈",4
"农场",4
"农夫",4
"女人",4
"陪伴",4
"平淡",4
"平行",4
"铺垫",4
"妻子",4
"汽车",4
"前者",4
"强烈",4
"亲情",4
"区别",4
"饶恕",4
"认可",4
"认识",4
"容易",4
"如同",4
"睿智",4
"三代",4
"丧失",4
"善良",4
"伤口",4
"商业",4
"少年",4
"少女",4
"社会",4
"失败",4
"失控",4
"十七年",4
"时光",4
"时刻",4
"矢志",4
"使得",4
"世上",4
"世俗",4
"势力",4
"适应",4
"逝去",4
"双眼",4
"说话",4
"思想",4
"随后",4
"随着",4
"特点",4
"特工",4
"听到",4
"推荐",4
"拖沓",4
"完整",4
"晚年",4
"为何",4
"维持",4
"伟大",4
"无奈",4
"无声",4
"无数次",4
"吸收",4
"习惯",4
"下达",4
"限制",4
"相关",4
"相同",4
"相依为命",4
"享受",4
"小淘气",4
"效果",4
"心底",4
"心目",4
"欣赏",4
"兄弟",4
"许多",4
"宣传",4
"学生",4
"严重",4
"衍生",4
"眼泪",4
"厌倦",4
"阳光",4
"样子",4
"要求",4
"野兽",4
"一半",4
"一件",4
"一辆",4
"一面",4
"一片",4
"一瓶",4
"一张",4
"意识",4
"营销",4
"影射",4
"勇气",4
"优秀",4
"尤其",4
"有关",4
"有趣",4
"有着",4
"愿意",4
"越来越",4
"在于",4
"糟糕",4
"早就",4
"怎样",4
"战斗力",4
"长大",4
"折磨",4
"真理",4
"正式",4
"政府",4
"政治",4
"挣扎",4
"之下",4
"支撑",4
"只是",4
"只有",4
"直至",4
"至于",4
"致命",4
"智商",4
"中文",4
"逐日",4
"主创",4
"主观",4
"宗教",4
"诅咒",4
"1953年",3
"20",3
"5分",3
"9分",3
"爱情",3
"霸气",3
"摆脱",3
"斑马",3
"版权",3
"办法",3
"伴随",3
"报复",3
"悲惨",3
"本名",3
"本体",3
"本性",3
"毕业",3
"避难",3
"变故",3
"变态",3
"搏斗",3
"不仅",3
"不然",3
"不如",3
"不许",3
"不用",3
"参考",3
"藏身",3
"超越",3
"车上",3
"城市",3
"痴呆",3
"尺度",3
"崇尚",3
"酬金",3
"出生",3
"出手",3
"处理",3
"传承",3
"传递",3
"传奇",3
"垂垂老矣",3
"纯粹",3
"此后",3
"刺激",3
"从不",3
"从头到尾",3
"从中",3
"错误",3
"答案",3
"打击",3
"打造",3
"大地",3
"大陆",3
"大叔",3
"大学",3
"殆尽",3
"当做",3
"道德",3
"得知",3
"地步",3
"第一部",3
"典型",3
"毒液",3
"独一无二",3
"度过",3
"度日",3
"对白",3
"对比",3
"躲避",3
"恶心",3
"儿女",3
"儿童",3
"二代",3
"发布",3
"发布会",3
"发行",3
"发挥",3
"发作",3
"反应",3
"仿佛",3
"放松",3
"放在",3
"放走",3
"飞机",3
"分析",3
"风光",3
"锋利",3
"负责",3
"富豪",3
"该片",3
"尴尬",3
"赶路",3
"感慨",3
"歌词",3
"各类",3
"跟前",3
"更为",3
"估计",3
"关注",3
"光头",3
"归宿",3
"闺女",3
"国外",3
"过来",3
"过于",3
"还要",3
"害怕",3
"行为",3
"毫不",3
"毫不犹豫",3
"和平",3
"胡子",3
"怀疑",3
"环境",3
"唤起",3
"回到",3
"毁灭",3
"活捉",3
"击退",3
"机器人",3
"积累",3
"激动",3
"激烈",3
"极大",3
"疾病",3
"记忆",3
"佳作",3
"家人",3
"坚守",3
"剪辑",3
"建议",3
"渐渐",3
"交给",3
"交易",3
"觉着",3
"结合",3
"结婚",3
"今年",3
"金钱",3
"仅仅",3
"纠结",3
"酒吧",3
"酒馆",3
"拒绝",3
"决心",3
"决战",3
"绝不",3
"开端",3
"开枪",3
"开心",3
"看出",3
"看来",3
"考虑",3
"刻画",3
"口碑",3
"快速",3
"狂躁",3
"困难",3
"垃圾",3
"来源",3
"老师",3
"老头",3
"老爷",3
"离开",3
"离去",3
"里边",3
"两颗",3
"聊聊",3
"潦倒",3
"灵感",3
"流浪",3
"六只",3
"露出",3
"沦为",3
"逻辑",3
"麻烦",3
"满意",3
"矛盾",3
"名叫",3
"明确",3
"命令",3
"某种",3
"哪里",3
"男生",3
"难受",3
"脑海",3
"内部",3
"内核",3
"年龄",3
"年轻人",3
"宁愿",3
"牛仔",3
"农场主",3
"怒气",3
"派出",3
"培育",3
"批评",3
"平凡",3
"凭借",3
"其它",3
"启发",3
"起源",3
"气体",3
"前来",3
"枪声",3
"青春",3
"青年",3
"轻易",3
"倾向",3
"权力",3
"权利",3
"全程",3
"全片",3
"全身",3
"诠释",3
"染色体",3
"热血",3
"人间",3
"日报",3
"如出一辙",3
"三本",3
"三部",3
"三任",3
"山谷",3
"删除",3
"伤疤",3
"上去",3
"舍得",3
"设计",3
"深深",3
"神经",3
"神奇",3
"生锈",3
"声音",3
"失明",3
"十字",3
"世纪",3
"事件",3
"试图",3
"视觉",3
"手里",3
"手上",3
"守望",3
"首次",3
"抒情",3
"双脚",3
"水军",3
"顺便",3
"逃跑",3
"逃脱",3
"讨厌",3
"提出",3
"提起",3
"提前",3
"体验",3
"体重",3
"天堂",3
"同学",3
"偷偷",3
"透露",3
"土地",3
"团队",3
"退出",3
"退化",3
"吞没",3
"外界",3
"完结",3
"威胁",3
"温馨",3
"无数",3
"五年",3
"吸引",3
"袭击",3
"下场",3
"下面",3
"先生",3
"陷入",3
"相当",3
"相对",3
"详细",3
"想想",3
"消息",3
"小孩子",3
"邪恶",3
"心灵",3
"心脏",3
"信息",3
"信仰",3
"星球",3
"形式",3
"幸好",3
"修复",3
"宿敌",3
"虚弱",3
"酗酒",3
"续集",3
"学习",3
"学院",3
"血清",3
"训练",3
"严格",3
"眼球",3
"演绎",3
"邀请",3
"夜晚",3
"一帮",3
"一度",3
"一对",3
"一份",3
"一个个",3
"一口",3
"一匹",3
"一身",3
"一时",3
"一手",3
"一项",3
"一站",3
"异端",3
"抑郁",3
"阴暗",3
"阴谋",3
"影子",3
"游艇",3
"有意",3
"娱乐",3
"原名",3
"原委",3
"远远",3
"杂志",3
"再次",3
"再也",3
"在乎",3
"葬礼",3
"遭到",3
"早上",3
"造成",3
"这时",3
"珍惜",3
"真诚",3
"真是",3
"真相",3
"真心",3
"整体",3
"正当",3
"正是",3
"正在",3
"挣钱",3
"之际",3
"知名",3
"执行",3
"侄女",3
"制服",3
"制片人",3
"治愈",3
"中老年",3
"终极",3
"逐渐",3
"主人公",3
"注射",3
"专门",3
"壮心",3
"追捕",3
"追求",3
"追踪",3
"准确",3
"咨询",3
"资格",3
"自古",3
"自身",3
"总数",3
"最近",3
"尊严",3
"作用",3
"作者",3
"做出",3
"007",2
"10分",2
"12",2
"15分钟",2
"1953",2
"1994年",2
"1999年",2
"2012年",2
"2013年",2
"2017年",2
"3月",2
"4点",2
"6分",2
"8分",2
"8月",2
"MCU",2
"NYX",2
"TM",2
"埃塞",2
"安慰",2
"安息",2
"暗示",2
"肮脏",2
"奥斯卡",2
"奥运",2
"巴比伦",2
"白化病",2
"半个",2
"绑架",2
"保障",2
"暴躁",2
"爆出",2
"卑微",2
"悲哀",2
"悲歌",2
"悲伤",2
"悲痛",2
"北美",2
"被迫",2
"奔走",2
"本该",2
"本人",2
"本文",2
"本质",2
"鄙视",2
"必要",2
"边境",2
"变为",2
"便利",2
"兵器",2
"并非",2
"病痛",2
"玻璃",2
"不必",2
"不得已",2
"不犯",2
"不行",2
"不仅仅",2
"不列颠",2
"不论",2
"不论是",2
"不怕",2
"不说",2
"不算",2
"不息",2
"菜单",2
"餐厅",2
"惨剧",2
"仓库",2
"苍凉",2
"沧桑",2
"孱弱",2
"产物",2
"常人",2
"常态",2
"唱反调",2
"超出",2
"嘲讽",2
"车厢",2
"沉默寡言",2
"沉重",2
"称得上",2
"成立",2
"成片",2
"乘客",2
"持续",2
"冲突",2
"充当",2
"充足",2
"崇高",2
"出场",2
"出门",2
"出品",2
"出山",2
"出席",2
"初版",2
"除此之外",2
"处于",2
"穿行",2
"穿越",2
"传达",2
"传开",2
"创办",2
"吹捧",2
"此事",2
"此外",2
"刺杀",2
"匆匆",2
"从而",2
"从未",2
"从小",2
"粗暴",2
"促进",2
"搭档",2
"达到",2
"打分",2
"大部分",2
"大街",2
"大厦",2
"代价",2
"代替",2
"带有",2
"单独",2
"单位",2
"单向",2
"当成",2
"导师",2
"倒卖",2
"到处",2
"到位",2
"道具",2
"德克萨斯",2
"等待",2
"等候",2
"第23号",2
"第二",2
"第二部",2
"第二个",2
"点儿",2
"点子",2
"电器",2
"电视剧",2
"电影票",2
"跌跌撞撞",2
"东海",2
"动容",2
"毒药",2
"短片",2
"短评",2
"对了",2
"盾牌",2
"多次",2
"多一点",2
"多种",2
"恶霸",2
"恶棍",2
"恶意",2
"噩梦",2
"发表",2
"发出",2
"发动",2
"发家",2
"发展",2
"发自",2
"伐木",2
"翻版",2
"翻译",2
"反复",2
"反响",2
"方法",2
"放弃",2
"放心",2
"放映",2
"废弃",2
"沸腾",2
"分裂",2
"氛围",2
"奋斗",2
"丰富",2
"风暴",2
"风烛残年",2
"疯子",2
"夫妇",2
"伏击",2
"服从",2
"服装",2
"浮现",2
"复制",2
"概括",2
"概念",2
"赶紧",2
"赶来",2
"赶走",2
"感冒",2
"感人",2
"感叹",2
"感想",2
"钢筋",2
"高潮",2
"高大",2
"哥伦比亚",2
"歌手",2
"个性",2
"跟踪",2
"工厂",2
"公交",2
"公务员",2
"共同",2
"沟通",2
"购买",2
"骨骼",2
"固定",2
"怪兽",2
"管理",2
"贯穿",2
"光明正大",2
"归来",2
"归属",2
"跪倒",2
"国民",2
"过往",2
"哈哈哈",2
"孩儿",2
"海上",2
"含泪",2
"寒风",2
"行径",2
"行人",2
"行业",2
"好歹",2
"好多",2
"好友",2
"喝酒",2
"何尝",2
"和谐",2
"黑白片",2
"黑手",2
"很快",2
"轰轰烈烈",2
"宏大",2
"忽然",2
"互相",2
"华纳",2
"化身",2
"化作",2
"幻术",2
"换取",2
"换上",2
"荒凉",2
"黄沙",2
"挥舞",2
"回家",2
"回去",2
"回想",2
"悔恨",2
"会计",2
"昏昏欲睡",2
"活动",2
"活泼",2
"鸡蛋",2
"基本上",2
"基础",2
"激情",2
"羁绊",2
"集团",2
"集中",2
"嫉恶如仇",2
"几位",2
"技术",2
"剂量",2
"得",2
"加快",2
"家里",2
"家乡",2
"家族",2
"价值观",2
"驾驶",2
"坚强",2
"坚硬",2
"间断",2
"监狱",2
"检查",2
"见面",2
"建设",2
"健身",2
"将要",2
"酱油",2
"交换",2
"交流",2
"角度",2
"叫做",2
"接连",2
"劫匪",2
"解放",2
"解救",2
"解散",2
"解脱",2
"介绍",2
"介意",2
"今日",2
"金融",2
"紧张",2
"谨慎",2
"进来",2
"近年来",2
"经常",2
"精力",2
"竞赛",2
"究竟",2
"酒精",2
"救人",2
"就此",2
"就要",2
"具备",2
"剧照",2
"剧组",2
"据说",2
"距离",2
"卷入",2
"爵士",2
"军人",2
"开启",2
"开头",2
"看起来",2
"看上去",2
"科幻",2
"可爱",2
"可不",2
"可见",2
"可能性",2
"可谓",2
"克服",2
"吭哧",2
"苦难",2
"夸张",2
"拉开",2
"来回",2
"来临",2
"狼狈",2
"浪费",2
"浪人",2
"捞钱",2
"老板",2
"老花镜",2
"老年人",2
"老朋友",2
"老人家",2
"冷漠",2
"礼貌",2
"礼物",2
"理念",2
"力不从心",2
"立刻",2
"立体",2
"利益",2
"联盟",2
"联手",2
"联系",2
"脸上",2
"恋爱",2
"恋人",2
"良知",2
"两次",2
"两对",2
"两条",2
"临近",2
"临时",2
"临终",2
"领导",2
"领教",2
"领域",2
"另一方面",2
"路过",2
"路上",2
"掠夺",2
"旅途",2
"绿水",2
"麻痹",2
"麻醉",2
"马车",2
"马德里",2
"埋葬",2
"满满",2
"满身",2
"没事",2
"没意思",2
"美国队",2
"门铃",2
"梦想",2
"迷航",2
"面孔",2
"面目全非",2
"面前",2
"面向",2
"灭顶之灾",2
"敏锐",2
"名单",2
"名将",2
"明明",2
"明星",2
"明知",2
"模仿",2
"末路",2
"末日",2
"陌生",2
"莫名其妙",2
"目标",2
"目光",2
"哪个",2
"哪怕",2
"那段",2
"那时",2
"难怪",2
"脑子",2
"内华达州",2
"内疚",2
"年代",2
"年纪",2
"宁可",2
"女神像",2
"女王",2
"女性",2
"拍摄",2
"排队",2
"排挤",2
"派对",2
"判断",2
"叛逆",2
"旁边",2
"胖子",2
"抛开",2
"配合",2
"碰到",2
"皮肤癌",2
"疲惫",2
"脾气",2
"偏偏",2
"片儿",2
"片名",2
"品质",2
"平等",2
"屏幕",2
"迫不及待",2
"曝光",2
"其他人",2
"奇葩",2
"歧视",2
"乞讨",2
"恰恰",2
"千里",2
"签到",2
"前面",2
"前妻",2
"前所未有",2
"枪手",2
"强行",2
"强调",2
"亲爱",2
"亲口",2
"青山",2
"轻信",2
"清楚",2
"情结",2
"请问",2
"庆云",2
"穷困",2
"去除",2
"权限",2
"全场",2
"全面",2
"全世界",2
"缺乏",2
"确认",2
"热爱",2
"人家",2
"人群",2
"人心",2
"忍不住",2
"认真",2
"任性",2
"仍旧",2
"日常",2
"日落",2
"日益",2
"柔情",2
"柔软",2
"肉体",2
"入侵",2
"入围",2
"三部曲",2
"三星",2
"善恶",2
"善意",2
"擅长",2
"伤感",2
"上周",2
"设施",2
"设置",2
"身世",2
"身手",2
"身子",2
"深厚",2
"什么样",2
"神话",2
"甚至于",2
"升华",2
"生产",2
"生计",2
"生老病死",2
"生理",2
"生气",2
"生意",2
"生硬",2
"师徒",2
"十个",2
"十几分钟",2
"十足",2
"时期",2
"实际",2
"实际上",2
"实力",2
"实则",2
"食物",2
"r代",2
"使命",2
"士兵",2
"世界大战",2
"世事",2
"似的",2
"事实上",2
"试探",2
"试映",2
"视听",2
"视为",2
"是不是",2
"是因为",2
"适合",2
"收费",2
"收集",2
"收尾",2
"手背",2
"手法",2
"手术",2
"手下",2
"首发",2
"受伤",2
"熟悉",2
"熟知",2
"树林",2
"数据",2
"数字",2
"双打",2
"双目",2
"水平",2
"水塔",2
"水箱",2
"睡着",2
"顺带",2
"说说",2
"思考",2
"思路",2
"送别",2
"送给",2
"随时",2
"所剩无几",2
"所在",2
"态度",2
"堂堂",2
"糖浆",2
"逃避",2
"特殊",2
"特意",2
"疼痛",2
"提及",2
"提示",2
"题材",2
"替代",2
"天生",2
"天下",2
"添加",2
"甜食",2
"条件",2
"调教",2
"跳出",2
"贴片",2
"铁骨",2
"同归于尽",2
"同意",2
"统治",2
"头脑",2
"头像",2
"推测",2
"颓废",2
"退路",2
"退休",2
"托尼",2
"唾弃",2
"外场",2
"外面",2
"晚景",2
"惋惜",2
"王国",2
"网站",2
"往日",2
"往事",2
"为止",2
"违背",2
"维护",2
"委屈",2
"未成年人",2
"位置",2
"问号",2
"我",2
"无比",2
"无敌",2
"无聊",2
"无私",2
"无意",2
"五颗",2
"五星",2
"夕阳",2
"希腊",2
"喜爱",2
"细细",2
"下风",2
"先例",2
"显然",2
"羡慕",2
"相比",2
"相处",2
"相反",2
"相貌",2
"相似",2
"香港",2
"骁勇",2
"消耗",2
"消亡",2
"小朋友",2
"写照",2
"心怀",2
"心情",2
"心酸",2
"心疼",2
"心意",2
"新生",2
"新闻",2
"新衣",2
"星际",2
"形容",2
"幸福",2
"性命",2
"胸口",2
"雄心",2
"羞愧",2
"叙述",2
"学会",2
"雪茄",2
"血流",2
"血气方刚",2
"血性",2
"寻找",2
"押送",2
"阉割",2
"掩盖",2
"眼镜",2
"眼里",2
"眼神",2
"演出",2
"演技",2
"养活",2
"养家",2
"样本",2
"药剂",2
"药瓶",2
"药物",2
"要么",2
"爷爷",2
"冶炼",2
"一百多年",2
"一边",2
"一遍",2
"一处",2
"一滴",2
"一点点",2
"一二",2
"一番",2
"一个碗",2
"一口气",2
"一块",2
"一脸",2
"一批",2
"一任",2
"一如既往",2
"一首歌",2
"一瞬间",2
"一所",2
"一套",2
"一通",2
"一支",2
"一致",2
"医生",2
"遗传学",2
"遗憾",2
"疑问",2
"以来",2
"以外",2
"义不容辞",2
"义无反顾",2
"艺术",2
"异常",2
"异能",2
"抑制",2
"意思",2
"意外",2
"饮料",2
"饮食",2
"隐瞒",2
"隐士",2
"隐退",2
"隐姓埋名",2
"隐喻",2
"隐约",2
"赢得",2
"硬汉",2
"优雅",2
"友好",2
"有钱",2
"有时",2
"有所",2
"有血有肉",2
"幼稚",2
"与其",2
"语言",2
"预期",2
"预言",2
"愈合",2
"原本",2
"原作",2
"约稿",2
"陨落",2
"再见",2
"遭遇",2
"早早",2
"责任",2
"憎恨",2
"炸掉",2
"展开",2
"展现",2
"战利品",2
"长成",2
"长久",2
"长眠",2
"丈夫",2
"找事",2
"照料",2
"照片",2
"着急",2
"真人",2
"诊所",2
"震撼",2
"整版",2
"正常人",2
"正确",2
"之所以",2
"之中",2
"指导",2
"指引",2
"挚爱",2
"致富",2
"中间",2
"中年",2
"中央",2
"忠于",2
"终点",2
"众多",2
"众人",2
"众所周知",2
"重伤",2
"重视",2
"诸多",2
"主动",2
"主谋",2
"主使",2
"注重",2
"祝福",2
"抓捕",2
"专车",2
"专座",2
"转基因",2
"转身",2
"装备",2
"壮士",2
"状况",2
"资料",2
"自行",2
"自理",2
"自杀",2
"总部",2
"总结",2
"总统",2
"总之",2
"走过",2
"走向",2
"最佳",2
"最为",2
"左右",2
"作战",2
"做法",2
"0926",1
"10点",1
"10岁",1
"10位",1
"10月",1
"11",1
"11岁",1
"123分钟",1
"12点",1
"12日",1
"137分钟",1
"140个",1
"1500万",1
"15578511544",1
"160",1
"17号",1
"1974年",1
"1993",1
"1号",1
"1日",1
"1亿",1
"2002年",1
"2003年",1
"2004年",1
"2008",1
"2014年",1
"2016",1
"2016年",1
"2017",1
"2018年",1
"2028年",1
"20多年",1
"20号",1
"20余个",1
"21",1
"21磅",1
"22次",1
"23把",1
"23日",1
"23首次",1
"23一",1
"23一路",1
"23组",1
"24发",1
"24号",1
"250",1
"25年",1
"27亿刀",1
"2号",1
"2月",1
"30斤",1
"30日",1
"36",1
"360度",1
"3根",1
"3号",1
"3位",1
"3只",1
"40分钟",1
"46年",1
"4号",1
"50",1
"50秒",1
"50年",1
"51",1
"60",1
"616",1
"63",1
"6627",1
"6666",1
"6年",1
"6位",1
"7分",1
"7万美元",1
"8500万",1
"8岁",1
"99年",1
"9位",1
"9月",1
"APP",1
"BUG",1
"CEO",1
"DNA",1
"DOFP",1
"DVD",1
"EC",1
"GRAYLAMB",1
"IP",1
"IX",1
"JC",1
"LGBT",1
"LOGAN",1
"MV",1
"PS",1
"RD",1
"SM",1
"SSR",1
"TMD",1
"TOP",1
"XCU",1
"XXX",1
"挨打",1
"矮子",1
"爱人",1
"爱憎分明",1
"安插",1
"安度",1
"安抚",1
"安静",1
"安身立命",1
"安葬",1
"岸上",1
"按部就班",1
"按摩",1
"按照",1
"暗黑",1
"暗杀",1
"傲骨",1
"傲慢",1
"奥斯卡奖",1
"澳大利亚",1
"八零",1
"把握",1
"霸王",1
"白发苍苍",1
"白粉",1
"白宫",1
"白领",1
"白人",1
"白血病",1
"白眼",1
"百步穿杨",1
"百多岁",1
"百分百",1
"百货",1
"百年",1
"斑白",1
"搬运",1
"板块",1
"版块",1
"半成品",1
"半瓶",1
"伴舞",1
"帮忙",1
"包裹",1
"包容",1
"包围",1
"饱满",1
"宝贵",1
"保密",1
"保守",1
"堡垒",1
"报酬",1
"报道",1
"报警",1
"报应",1
"暴行",1
"暴利",1
"暴露",1
"暴露无遗",1
"暴怒",1
"爆炸",1
"杯子",1
"悲剧性",1
"北边",1
"北京",1
"北上",1
"贝尔",1
"背后",1
"背影",1
"倍受",1
"被动",1
"本职工作",1
"崩溃",1
"崩塌",1
"逼迫",1
"逼真",1
"鼻涕",1
"鼻子",1
"比例",1
"比赛",1
"笔画",1
"鄙夷",1
"必备",1
"必然",1
"避免",1
"避难所",1
"变化",1
"变迁",1
"变形",1
"遍布",1
"标明",1
"标准",1
"表面",1
"别的",1
"别墅",1
"别提",1
"别无二致",1
"宾馆",1
"濒临",1
"冰冻",1
"兵团",1
"并驾齐驱",1
"并肩作战",1
"并未",1
"并用",1
"病人",1
"摒弃",1
"拨通",1
"播放",1
"播映",1
"脖颈",1
"博爱",1
"捕猎",1
"不安",1
"不但",1
"不得了",1
"不妨",1
"不服",1
"不符",1
"不复存在",1
"不共戴天",1
"不光",1
"不好",1
"不好意思",1
"不经意",1
"不可思议",1
"不愧为",1
"不免",1
"不明",1
"不耐烦",1
"不屈",1
"不忍",1
"不入流",1
"不适感",1
"不停",1
"不为人知",1
"不问",1
"不惜",1
"不相上下",1
"不屑",1
"不朽",1
"不在少数",1
"不择手段",1
"不怎么样",1
"不至于",1
"不住",1
"不足",1
"步步",1
"猜想",1
"才华",1
"财产",1
"采取",1
"菜市场",1
"参与",1
"餐饮",1
"餐桌",1
"残废",1
"残疾",1
"残联",1
"残破",1
"残忍",1
"蚕食",1
"惨淡",1
"惨死",1
"惨痛",1
"仓促",1
"苍白",1
"操纵",1
"糙米",1
"草草",1
"侧重",1
"测评",1
"策略",1
"层出不穷",1
"曾",1
"插曲",1
"茶余饭后",1
"查查",1
"查出",1
"查看",1
"查证",1
"差错",1
"差距",1
"差强人意",1
"柴米油盐",1
"缠绕",1
"缠身",1
"产品",1
"产业",1
"铲除",1
"阐释",1
"阐述",1
"L河",1
"常见",1
"常年",1
"场内",1
"超大",1
"超凡",1
"超过",1
"超市",1
"朝代",1
"朝气",1
"车祸",1
"臣服",1
"尘埃",1
"尘世",1
"沉浸",1
"沉思",1
"沉稳",1
"撑场面",1
"成分",1
"成就",1
"成年人",1
"成品",1
"诚实",1
"承担",1
"承接",1
"承诺",1
"承认",1
"乘龙快婿",1
"程序",1
"吃惊",1
"吃亏",1
"吃水",1
"吃药",1
"嗤之以鼻",1
"迟迟",1
"迟钝",1
"迟缓",1
"耻辱",1
"斥责",1
"赤裸裸",1
"冲锋陷阵",1
"冲击力",1
"充斥",1
"充分",1
"憧憬",1
"崇拜",1
"抽取",1
"惆怅",1
"丑陋",1
"臭不可闻",1
"出发",1
"出色",1
"初次",1
"初高中",1
"初期",1
"除非",1
"除外",1
"储存",1
"处处",1
"畜生",1
"触发",1
"触怒",1
"穿过",1
"传出",1
"传来",1
"传说",1
"传言",1
"船主",1
"喘气",1
"窗口",1
"闯入",1
"创设",1
"创始人",1
"创意",1
"创造",1
"创造者",1
"春心",1
"纯净",1
"蠢货",1
"慈爱",1
"慈悲",1
"慈祥",1
"雌性",1
"此次",1
"次次",1
"刺头",1
"刺猬",1
"刺中",1
"匆忙",1
"聪明",1
"聪颖",1
"从今",1
"从来不",1
"从那之后",1
"从前",1
"从天而降",1
"从新",1
"粗糙",1
"粗鲁",1
"粗略",1
"粗制滥造",1
"促成",1
"催人泪下",1
"摧残",1
"摧毁",1
"脆弱",1
"存款",1
"存亡",1
"措施",1
"错觉",1
"打包",1
"打抱不平",1
"打成",1
"打断",1
"打发",1
"打官腔",1
"打搅",1
"打擂台",1
"打磨",1
"打破",1
"打扰",1
"打伞",1
"打探",1
"打招呼",1
"打字",1
"大败",1
"大吃一惊",1
"大慈大悲",1
"大打出手",1
"大大小小",1
"大胆",1
"大道",1
"大队",1
"大哥",1
"大褂",1
"大规模",1
"大海",1
"大会",1
"大火",1
"大力",1
"大楼",1
"大妈",1
"大漠",1
"大炮",1
"大批",1
"大权",1
"大全",1
"大人物",1
"大师",1
"大石",1
"大戏",1
"大牙",1
"大义",1
"大致",1
"代号",1
"代课",1
"代名词",1
"代言人",1
"带回",1
"带领",1
"担当",1
"担负",1
"担任",1
"担忧",1
"担子",1
"单薄",1
"单词",1
"单名",1
"单篇",1
"单身",1
"耽误",1
"胆小鬼",1
"弹奏",1
"蛋白",1
"当初",1
"当地",1
"当晚",1
"当下",1
"初",1
"挡箭牌",1
"荡漾",1
"刀片",1
"捣毁",1
"倒不如",1
"倒塌",1
"倒下",1
"到达",1
"到家",1
"道路",1
"道义",1
"得了",1
"得力",1
"得以",1
"得益",1
"德州",1
"的确",1
"灯红酒绿",1
"登山",1
"等到",1
"低头",1
"敌国",1
"抵达",1
"抵挡",1
"抵抗",1
"底色",1
"底下",1
"地点",1
"地盘",1
"地痞",1
"地上",1
"地图",1
"地址",1
"帝国",1
"递进",1
"第1090个",1
"第11集",1
"第180期",1
"第67届",1
"第74分钟",1
"第二遍",1
"第二次",1
"第二届",1
"第二眼",1
"第二重",1
"第三",1
"第三季",1
"第三种",1
"第三重",1
"第十次",1
"第一场",1
"第一个",1
"第一幕",1
"第一排",1
"第一位",1
"第一眼",1
"第一支",1
"第一重",1
"颠覆",1
"巅峰",1
"点滴",1
"电视",1
"电视机",1
"店员",1
"影",1
"凋零",1
"貂熊",1
"跌入",1
"订单",1
"定论",1
"定位",1
"丢掉",1
"丢失",1
"东岸",1
"东方",1
"东京",1
"懂得",1
"动不动",1
"动人",1
"洞口",1
"斗篷",1
"斗争",1
"斗志",1
"嘟囔",1
"毒素",1
"独白",1
"独裁者",1
"独揽",1
"独立自主",1
"独生子",1
"独特",1
"独眼龙",1
"独有",1
"独自",1
"读者",1
"度假",1
"端倪",1
"短短",1
"短短的",1
"短路",1
"短暂",1
"段子",1
"断头",1
"断肢",1
"队友",1
"对方",1
"对立",1
"对外",1
"对应",1
"对照",1
"对峙",1
"多餐",1
"多打",1
"多多",1
"多项",1
"多余",1
"多月",1
"多张",1
"多只",1
"多重",1
"躲开",1
"厄运",1
"恶魔",1
"恶人",1
"恶战",1
"恩怨",1
"耳边",1
"耳朵",1
"二百多年",1
"二来",1
"二十",1
"二十年",1
"二位",1
"二元",1
"发病",1
"发光",1
"发掘",1
"发脾气",1
"发源地",1
"乏味",1
"翻译片",1
"翻阅",1
"烦恼",1
"繁殖",1
"反差",1
"反对",1
"反过来",1
"反击",1
"反抗",1
"反目",1
"反叛",1
"反其道而行之",1
"反思",1
"返回",1
"泛起",1
"范畴",1
"方便",1
"方向",1
"方舟",1
"防备",1
"妨碍",1
"放大",1
"放过",1
"放浪形骸",1
"放射性",1
"飞黄腾达",1
"飞跃",1
"非人",1
"非同寻常",1
"绯红",1
"分辨率",1
"分开",1
"分离",1
"分明",1
"分身",1
"分数",1
"分钟",1
"纷繁",1
"纷争",1
"坟墓",1
"奋不顾身",1
"愤愤",1
"丰厚",1
"丰满",1
"风波",1
"风险",1
"封面",1
"封装",1
"峰回路转",1
"奉献",1
"夫人",1
"伏笔",1
"扶持",1
"服气",1
"服务",1
"浮夸",1
"福分",1
"福利",1
"父爱",1
"负担",1
"负重",1
"附加",1
"附注",1
"复兴",1
"复杂",1
"富人",1
"富有",1
"腹部",1
"改进",1
"概率",1
"肝胆",1
"赶到",1
"敢死队",1
"敢于",1
"感X",1
"感念",1
"感染",1
"感人至深",1
"感伤",1
"感同身受",1
"感悟",1
"感知",1
"干扰",1
"钢骨",1
"钢条",1
"钢针",1
"高傲",1
"高层",1
"高处",1
"高蛋白",1
"高度",1
"高干",1
"高楼大厦",1
"高速路",1
"高音",1
"高于",1
"高中",1
"稿费",1
"告e",1
"告诫",1
"哥哥",1
"割裂",1
"割舍",1
"格斗",1
"格局",1
"格外",1
"隔壁",1
"个别",1
"个体",1
"各地",1
"各色",1
"各式各样",1
"各种各样",1
"各自",1
"更改",1
"更新",1
"更正",1
"工人",1
"公布",1
"公开",1
"公映",1
"公寓",1
"公园",1
"恭维",1
"巩固",1
"共享",1
"贡献",1
"供应",1
"苟活",1
"狗急跳墙",1
"够格",1
"孤寂",1
"孤立无援",1
"孤零零",1
"孤身一人",1
"辜负",1
"古时候",1
"谷内",1
"骨架",1
"骨气",1
"骨头",1
"固有",1
"雇主",1
"乖巧",1
"怪胎",1
"怪物",1
"怪异",1
"关爱",1
"关公",1
"关联",1
"关心",1
"观察",1
"观点",1
"观赏",1
"观赏性",1
"观世音",1
"管理者",1
"惯用",1
"灌注",1
"光彩",1
"光环",1
"光是",1
"光影",1
"广大",1
"广告",1
"归功",1
"归结",1
"规定",1
"规模",1
"瑰宝",1
"滚烫",1
"国度",1
"国家队",1
"国家级",1
"国人",1
"果断",1
"果然",1
"过电影",1
"过度",1
"过客",1
"哈哈",1
"还手",1
"还原",1
"海岸",1
"海报",1
"海边",1
"海岛",1
"酣畅淋漓",1
"含有",1
"韩国",1
"罕见",1
"汉子",1
"行将",1
"行进",1
"行驶",1
"毫不费力",1
"毫无顾虑",1
"豪情",1
"嚎啕",1
"好不容易",1
"好处",1
"好坏",1
"好几",1
"好几代",1
"好几个",1
"好心",1
"好找",1
"号称",1
"号角",1
"耗费",1
"合理",1
"合力",1
"合适",1
"合资",1
"何处",1
"何谓",1
"何在",1
"和解",1
"黑车",1
"黑色",1
"黑市",1
"痕迹",1
"狠狠",1
"恨死",1
"横穿",1
"横行",1
"横跨",1
"烘托",1
"红光",1
"红领巾",1
"后半段",1
"后果",1
"后话",1
"后悔",1
"后天",1
"后续",1
"厚爱",1
"厚道",1
"厚颜无耻",1
"厚重",1
"呼风唤雨",1
"呼声",1
"呼吸",1
"呼吁",1
"忽悠",1
"胡编",1
"湖边",1
"湖泊",1
"糊口",1
"糊涂",1
"互动",1
"花样",1
"划破",1
"化名",1
"化险为夷",1
"画布",1
"画风",1
"话筒",1
"怀恨",1
"怀念",1
"环节",1
"环球",1
"环绕",1
"换句话说",1
"患病",1
"荒唐",1
"荒芜",1
"荒原",1
"皇帝",1
"黄土",1
"谎称",1
"灰白",1
"挥霍",1
"挥拳",1
"回报率",1
"回光返照",1
"回击",1
"回头",1
"毁灭性",1
"会长",1
"讳莫如深",1
"昏昏沉沉",1
"婚礼",1
"浑身",1
"混合",1
"活儿",1
"活脱脱",1
"活性",1
"火爆",1
"火场",1
"火车",1
"火枪",1
"火种",1
"伙伴",1
"或是",1
"击败",1
"击倒",1
"击中",1
"机密",1
"机制",1
"肌肤",1
"鸡肉",1
"积淀",1
"积极",1
"基调",1
"激昂",1
"激动不已",1
"激发",1
"及其",1
"及时",1
"吉他",1
"汲取",1
"极力",1
"极限",1
"即将",1
"即可",1
"急功近利",1
"O其",1
"集合",1
"集结",1
"集体",1
"几百",1
"几杯",1
"几辈子",1
"几本",1
"几处",1
"几滴",1
"几点",1
"几栋",1
"几辆",1
"几千年",1
"几日",1
"几十年",1
"几天",1
"几支",1
"计时",1
"记不清",1
"记录",1
"记住",1
"纪念",1
"纪念馆",1
"技巧",1
"忌口",1
"继而",1
"祭奠",1
"寄托",1
"加大",1
"加强",1
"加油",1
"加之",1
"家伙",1
"家长",1
"家中",1
"嘉宾",1
"甲板",1
"假发",1
"假牙",1
"假药",1
"价款",1
"架势",1
"坚不可摧",1
"坚定",1
"坚固",1
"坚决",1
"坚毅",1
"间隔",1
"艰辛",1
"煎熬",1
"减掉",1
"剪刀",1
"剪切",1
"简介",1
"见解",1
"见钱眼开",1
"见状",1
"建筑学",1
"剑拔弩张",1
"健康",1
"鉴于",1
"江湖",1
"江郎才尽",1
"讲课",1
"降格",1
"降临",1
"交付",1
"交往",1
"交心",1
"焦点",1
"角落",1
"角逐",1
"脚背",1
"脚步",1
"脚掌",1
"教课",1
"教派",1
"教师",1
"教训",1
"阶段",1
"阶下囚",1
"接到",1
"接下来",1
"接着",1
"揭开",1
"街上",1
"街头",1
"节点",1
"节目",1
"杰作",1
"结语",1
"竭尽全力",1
"解约",1
"介入",1
"介于",1
"戒备",1
"借此机会",1
"借机",1
"金额",1
"金",1
"金色",1
"筋肉",1
"尽可能",1
"尽力",1
"尽量",1
"尽情",1
"进程",1
"进化",1
"进口",1
"进取",1
"进去",1
"进一步",1
"近乎",1
"近日",1
"经济",1
"经久",1
"经验",1
"经营",1
"惊雷",1
"惊喜",1
"惊险",1
"精明",1
"精确",1
"精神病院",1
"精神抖擞",1
"精选",1
"景象",1
"警察",1
"警官",1
"警长",1
"竞争者",1
"敬礼",1
"敬佩",1
"敬仰",1
"静静的",1
"静静地",1
"境地",1
"境界",1
"境遇",1
"迥然不同",1
"窘迫",1
"九九八十一道",1
"九泉",1
"九十九份",1
"酒会",1
"旧金山",1
"旧时",1
"救世主",1
"就近",1
"居安思危",1
"居住",1
"举报",1
"巨石",1
"巨星",1
"巨著",1
"句号",1
"句子",1
"具体",1
"具有",1
"剧中",1
"剧作",1
"聚餐",1
"绝大部分",1
"绝地",1
"绝境",1
"绝无仅有",1
"绝症",1
"X得",1
"军官",1
"军事",1
"军事基地",1
"卡车",1
"卡通",1
"开场",1
"开除",1
"开创",1
"开会",1
"开门",1
"开拍",1
"开篇",1
"开设",1
"铠甲",1
"勘察",1
"堪忧",1
"看不到",1
"看法",1
"看上",1
"看望",1
"看作",1
"看做",1
"慷慨解囊",1
"考试",1
"拷贝",1
"拷问",1
"靠近",1
"靠山",1
"科技",1
"科普",1
"瞌睡",1
"壳子",1
"可悲",1
"可比性",1
"可怜",1
"可取",1
"可言",1
"刻板",1
"客串",1
"客户",1
"课本",1
"恳切",1
"空间",1
"恐怖",1
"恐怖片",1
"恐龙",1
"恐怕",1
"口袋",1
"口气",1
"口水",1
"口头",1
"口味",1
"口音",1
"苦口婆心",1
"苦练",1
"苦痛",1
"跨度",1
"快乐",1
"快慢",1
"快要",1
"筷子",1
"宽恕",1
"狂奔",1
"况且",1
"困扰",1
"拉长",1
"来历",1
"来世",1
"来着",1
"浪子",1
"牢固",1
"牢笼",1
"老兵",1
"老巢",1
"老爹",1
"老姑娘",1
"老汉",1
"老骥伏枥",1
"老迈",1
"老年痴呆症",1
"老牌",1
"老婆",1
"老气横秋",1
"老三样",1
"老实",1
"老态",1
"老爷车",1
"老爷爷",1
"老爷子",1
"老宅",1
"老者",1
"老总",1
"乐呵呵",1
"乐团",1
"乐意",1
"乐于",1
"了得",1
"了然",1
"雷达",1
"泪花",1
"泪流满面",1
"泪腺",1
"类比",1
"类别",1
"累赘",1
"冷静",1
"里昂",1
"理睬",1
"理科生",1
"理性",1
"理直气壮",1
"力士",1
"历程",1
"历历在目",1
"历险",1
"厉害",1
"立马",1
"立意",1
"利器",1
"例行公事",1
"例如",1
"例子",1
"粒子",1
"v史",1
"连贯",1
"连续",1
"怜悯",1
"联合",1
"廉价",1
"廉颇老矣",1
"脸面",1
"良心",1
"两半",1
"两代",1
"两名",1
"两年",1
"两千多万美元",1
"两手",1
"两天",1
"两万平方米",1
"两只",1
"两种",1
"亮点",1
"料想",1
"猎杀",1
"裂缝",1
"邻家",1
"临死",1
"淋漓",1
"灵活",1
"灵性",1
"凌晨",1
"凌厉",1
"领地",1
"领情",1
"领衔",1
"领袖",1
"令狐",1
"令人发指",1
"令人羡慕",1
"留存",1
"留宿",1
"流传",1
"流行",1
"流泪",1
"流落",1
"流逝",1
"流水",1
"流血",1
"流言",1
"隆起",1
"垄断",1
"楼顶",1
"漏洞",1
"陆续",1
"录音机",1
"路边",1
"路线",1
"露脸",1
"露面",1
"沦落",1
"轮番",1
"论述",1
"论证",1
"罗伯特",1
"罗马数字",1
"罗曼蒂克",1
"螺纹",1
"落差",1
"落脚点",1
"落寞",1
"落幕",1
"落日",1
"旅程",1
"旅店",1
"旅行",1
"履行",1
"绿色",1
"麻木",1
"马克",1
"马匹",1
"马戏团",1
"埋头",1
"满分",1
"满篇",1
"满头",1
"满心",1
"满眼",1
"蔓延",1
"漫画家",1
"漫漫",1
"漫长",1
"慢吞吞",1
"忙乱",1
"盲目",1
"盲人",1
"没成想",1
"没错",1
"没关系",1
"媒体",1
"每每",1
"每人",1
"美化",1
"美女",1
"美人鱼",1
"妹妹",1
"妹子",1
"门槛",1
"猛打",1
"猛虎",1
"猛烈",1
"懵懂",1
"弥补",1
"弥留",1
"迷恋",1
"迷失",1
"绵延",1
"免费",1
"面对面",1
"面貌",1
"面目",1
"描绘",1
"描写",1
"渺小",1
"灭绝",1
"蔑视",1
"民众",1
"敏捷",1
"名副其实",1
"名利",1
"名曲",1
"明快",1
"明年",1
"明天",1
"摸摸",1
"摸索",1
"模糊",1
"模特",1
"模样",1
"摩擦",1
"末世",1
"莫非",1
"莫过于",1
"莫名",1
"墨镜",1
"某个",1
"母体",1
"母性",1
"目测",1
"拿下",1
"哪儿",1
"那儿",1
"那",1
"那位",1
"耐磨",1
"男友",1
"难度",1
"难说",1
"难忘",1
"难以忍受",1
"喃喃",1
"脑袋",1
"脑门",1
"内外",1
"内战",1
"能否",1
"能人",1
"逆来顺受",1
"年初",1
"年华",1
"年轻力壮",1
"年轻气盛",1
"年幼",1
"碾碎",1
"念念",1
"念念不忘",1
"念头",1
"娘娘",1
"凝固",1
"牛奶",1
"牛肉",1
"纽约市",1
"农民",1
"农庄",1
"浓重",1
"怒火",1
"诺基亚",1
"懦弱",1
"女朋友",1
"女神",1
"女生",1
"女巫",1
"欧米茄",1
"殴打",1
"偶像",1
"趴下",1
"拍打",1
"蹒跚",1
"判词",1
"庞大",1
"旁白",1
"抛弃",1
"咆哮",1
"跑车",1
"泡泡",1
"炮轰",1
"炮制",1
"胚胎",1
"陪同",1
"佩服",1
"配方",1
"披风",1
"霹雳",1
"皮毛",1
"皮肉",1
"皮衣",1
"疲惫不堪",1
"疲劳",1
"疲弱",1
"偏爱",1
"偏激",1
"偏离",1
"偏向",1
"篇幅",1
"片酬",1
"片头",1
"骗人",1
"漂泊",1
"嫖客",1
"票价",1
"拼接",1
"拼命",1
"拼杀",1
"拼死",1
"贫瘠",1
"贫困",1
"贫困线",1
"频繁",1
"频率",1
"平和",1
"平平",1
"平日",1
"平时",1
"平庸",1
"平原",1
"坡道",1
"迫不得已",1
"迫害",1
"破产",1
"破坏",1
"破烂",1
"铺天盖地",1
"仆人",1
"普通",1
"七次",1
"凄苦",1
"凄凉",1
"期间",1
"欺负",1
"欺凌",1
"欺压",1
"漆黑",1
"齐全",1
"其次",1
"奇怪",1
"奇观",1
"奇异",1
"旗号",1
"企业",1
"起初",1
"起床",1
"起伏",1
"起身",1
"起义军",1
"气喘吁吁",1
"气氛",1
"气急败坏",1
"气节",1
"气质",1
"恰好",1
"恰恰相反",1
"恰巧",1
"恰如",1
"千钧一发",1
"千篇一律",1
"千万次",1
"牵连",1
"牵强",1
"谦卑",1
"谦逊",1
"签名",1
"前车之鉴",1
"前行",1
"前后",1
"前期",1
"前往",1
"钱包",1
"潜藏",1
"潜力",1
"浅显",1
"枪杀",1
"强度",1
"强悍",1
"强奸",1
"强迫",1
"墙上",1
"蔷薇",1
"抢夺",1
"抢眼",1
"敲锣打鼓",1
"巧妙",1
"切换",1
"惬意",1
"侵害",1
"侵蚀",1
"侵袭",1
"亲历",1
"亲人",1
"亲生",1
"亲手",1
"亲自",1
"禽兽",1
"青筋",1
"青睐",1
"青少年",1
"轻描淡写",1
"轻巧",1
"轻微",1
"倾倒",1
"清理",1
"清贫",1
"清醒",1
"情报",1
"情报局",1
"情景",1
"情理之中",1
"情谊",1
"请假",1
"请求",1
"庆幸",1
"穷途末路",1
"秋风",1
"囚禁",1
"求得",1
"球迷",1
"遒劲",1
"区区",1
"区域",1
"驱车",1
"曲目",1
"取代",1
"取得",1
"取而代之",1
"取名",1
"取之不尽",1
"权益",1
"全都",1
"全景",1
"全力",1
"全线",1
"全新",1
"拳头",1
"痊愈",1
"缺少",1
"确保",1
"确定",1
"燃烧",1
"嚷嚷",1
"让座",1
"热量",1
"热烈",1
"热情",1
"热衷",1
"人才",1
"人格化",1
"人口",1
"人民",1
"人命",1
"人气",1
"人人",1
"人世",1
"人世间",1
"人数",1
"人头",1
"人心不古",1
"人员",1
"人造",1
"人质",1
"仁慈",1
"忍痛",1
"任何人",1
"任由",1
"日历",1
"日日夜夜",1
"日夜",1
"日用",1
"荣幸",1
"荣誉感",1
"容颜",1
"融入",1
"冗长",1
"如下",1
"入场",1
"入土",1
"偌大",1
"弱点",1
"撒娇",1
"三倍",1
"三次",1
"三根",1
"三国演义",1
"三角",1
"三颗",1
"三口",1
"三十年",1
"三天",1
"三重",1
"散落",1
"桑梓",1
"丧偶",1
"骚扰",1
"色彩",1
"森林",1
"森严",1
"杀出重围",1
"杀害",1
"杀伤力",1
"杀伤性",1
"沙漠",1
"沙子",1
"山上",1
"删去",1
"善于",1
"善战",1
"善终",1
"伤痕",1
"伤痛",1
"伤心",1
"商人",1
"上当",1
"上钩",1
"上海",1
"上路",1
"上面",1
"上升",1
"上天",1
"上午",1
"上学",1
"尚武",1
"稍微",1
"少儿",1
"少数",1
"少有",1
"舍身",1
"设计师",1
"射击",1
"涉及",1
"摄像机",1
"摄影",1
"伸手",1
"身不由己",1
"身材",1
"身患",1
"身经百战",1
"身旁",1
"身躯",1
"身亡",1
"身心",1
"身影",1
"呻吟",1
"深藏",1
"深处",1
"深情",1
"深入人心",1
"神殿",1
"神明",1
"神人",1
"神坛",1
"审查",1
"审美",1
"审判",1
"审视",1
"升级",1
"生病",1
"生存",1
"生父",1
"生拉硬拽",1
"生命力",1
"生母",1
"生前",1
"生死",1
"生死存亡",1
"生物",1
"生物学家",1
"声波",1
"声势",1
"省钱",1
"圣贤",1
"胜过",1
"胜利",1
"尸骨",1
"失手",1
"失效",1
"失踪",1
"失足",1
"师父",1
"施加",1
"十八年",1
"十多年",1
"十年",1
"十五分钟",1
"十一",1
"十字架",1
"石头",1
"时不时",1
"时差",1
"时机",1
"时空",1
"时时",1
"时时刻刻",1
"实行",1
"实现",1
"实战",1
"食用",1
"rg",1
"史诗",1
"使劲",1
"使然",1
"使者",1
"世道",1
"世故",1
"世人",1
"世俗化",1
"市场",1
"市面",1
"似曾相识",1
"事故",1
"事迹",1
"事业",1
"试问",1
"试验",1
"拭目以待",1
"适度",1
"适用",1
"室内",1
"室友",1
"释放",1
"释然",1
"收藏",1
"收到",1
"收敛",1
"收起",1
"收入",1
"手臂",1
"手脚",1
"手软",1
"手术台",1
"手下留情",1
"手指",1
"手中",1
"守护",1
"守卫",1
"首部",1
"首都",1
"首歌",1
"首席",1
"首页",1
"受害者",1
"受损",1
"狩猎",1
"售票",1
"瘦弱",1
"书呆子",1
"叔叔",1
"舒服",1
"蔬菜",1
"孰料",1
"暑期",1
"属下",1
"署名",1
"束缚",1
"数百年",1
"数个",1
"数理化",1
"数名",1
"数千个",1
"数千种",1
"数日",1
"刷新",1
"衰亡",1
"摔倒",1
"摔跤",1
"双胞胎",1
"双重",1
"爽快",1
"爽利",1
"谁知",1
"水源",1
"水闸",1
"水中",1
"水准",1
"顺利",1
"顺手",1
"顺心",1
"说不定",1
"说辞",1
"说得过去",1
"说服",1
"说三道四",1
"说实话",1
"说是",1
"丝毫",1
"私人",1
"私下",1
"思绪",1
"厮杀",1
"死不瞑目",1
"死里逃生",1
"死于非命",1
"四次",1
"四方",1
"四分",1
"四个",1
"四颗",1
"四十多分钟",1
"四十多年",1
"四位",1
"四肢",1
"肆无忌惮",1
"搜索",1
"肃然起敬",1
"速度",1
"塑像",1
"算命",1
"m然",1
"随便",1
"随遇而安",1
"岁数",1
"岁月",1
"孙子",1
"损坏",1
"缩短",1
"所向披靡",1
"所在地",1
"锁链",1
"他妈的",1
"她们",1
"台上",1
"台湾",1
"太极",1
"太阳",1
"谈话",1
"谈论",1
"袒护",1
"叹息",1
"探测",1
"探讨",1
"探寻",1
"碳酸",1
"趟浑水",1
"逃窜",1
"逃离",1
"逃生",1
"逃走",1
"桃花",1
"讨价还价",1
"讨论",1
"特地",1
"特殊性",1
"特异功能",1
"提高",1
"提取",1
"提议",1
"体会",1
"体面",1
"体能",1
"天才",1
"天马行空",1
"天幕",1
"天天",1
"天性",1
"天涯",1
"天资",1
"挑战",1
"调查",1
"调侃",1
"调整",1
"跳跃",1
"贴切",1
"铁锤",1
"铁匠",1
"铁血",1
"听话",1
"停车",1
"停下",1
"挺身",1
"挺身而出",1
"通病",1
"通常",1
"通知",1
"同胞",1
"同悲",1
"同步",1
"同类",1
"同事",1
"同性恋",1
"同一",1
"童话",1
"童年",1
"童心",1
"统计",1
"统一",1
"统治者",1
"痛斥",1
"痛恨",1
"痛哭流涕",1
"痛心",1
"偷车贼",1
"头部",1
"头发",1
"头骨",1
"头盔",1
"头颅",1
"头目",1
"投放",1
"投射",1
"投胎",1
"突出",1
"突兀",1
"突袭",1
"徒手",1
"途中",1
"土包",1
"兔子",1
"团聚",1
"推崇",1
"推出",1
"推辞",1
"推动",1
"推进",1
"推开",1
"推向",1
"退场",1
"退票",1
"退隐",1
"蜕变",1
"褪色",1
"吞噬",1
"拖后腿",1
"脱水",1
"脱颖而出",1
"妥协",1
"挖掘",1
"外公",1
"外挂",1
"外壳",1
"外人",1
"外星人",1
"外形",1
"纨绔子弟",1
"完毕",1
"完好",1
"完事",1
"玩儿",1
"玩具店",1
"挽回",1
"晚饭",1
"万朵",1
"万分",1
"万能",1
"万千",1
"万丈",1
"亡命",1
"王朝",1
"网开一面",1
"网络",1
"网友",1
"往后",1
"忘掉",1
"忘记",1
"危难",1
"威风",1
"威力",1
"微薄",1
"微博",1
"微观",1
"微微的",1
"微笑",1
"微醺",1
"为非作歹",1
"为人",1
"为时已晚",1
"为数不多",1
"围观",1
"唯独",1
"唯利是图",1
"唯有",1
"伪装",1
"尾随",1
"卫兵",1
"卫生间",1
"卫士",1
"未曾",1
"未了",1
"未雨绸缪",1
"位于",1
"味道",1
"温暖",1
"温文尔雅",1
"文件",1
"文明",1
"文戏",1
"文雅",1
"文中",1
"文字",1
"稳定",1
"问好",1
"问世",1
"问问",1
"蜗居",1
"我会",1
"卧病",1
"握住",1
"污浊",1
"屋内",1
"无常",1
"无耻",1
"无辜",1
"无故",1
"无关",1
"无话可说",1
"无家可归",1
"无尽",1
"无可",1
"无愧于",1
"无能",1
"无能为力",1
"无情",1
"无穷",1
"无视",1
"无私奉献",1
"无所不能",1
"无谓",1
"无限",1
"无效",1
"无形",1
"无需",1
"无疑",1
"无知",1
"无助",1
"五斗",1
"五分钟",1
"五丈",1
"武术",1
"武戏",1
"舞台",1
"务必",1
"物料",1
"物质",1
"误解",1
"误区",1
"误杀",1
"夕阳西下",1
"西班牙语",1
"西方",1
"西方人",1
"西瓜",1
"西游记",1
"洗手",1
"喜剧",1
"戏谑",1
"细菌",1
"细腻",1
"下巴",1
"下车",1
"下沉",1
"下滑",1
"下降",1
"下落",1
"下图",1
"下文",1
"下一代",1
"下葬",1
"先行",1
"先入为主",1
"先知",1
"纤维",1
"鲜血",1
"鲜艳",1
"贤惠",1
"嫌弃",1
"显而易见",1
"显示",1
"显现",1
"显著",1
"现成",1
"现代",1
"现如今",1
"现身",1
"现实主义者",1
"现象",1
"现状",1
"线索",1
"线性",1
"宪法",1
"陷阱",1
"陷落",1
"乡村",1
"相安无事",1
"相伴",1
"相传",1
"相互",1
"相机",1
"相继",1
"详尽",1
"想必",1
"想来",1
"向前",1
"向往",1
"象牙塔",1
"逍遥法外",1
"消除",1
"消防",1
"消费",1
"消灭",1
"消遣",1
"消退",1
"小丑",1
"小康",1
"小女",1
"小觑",1
"小人",1
"小日子",1
"小说",1
"小小",1
"小小的",1
"小心",1
"小学",1
"小学生",1
"小镇",1
"校长",1
"效仿",1
"效命",1
"些许",1
"协会",1
"协助",1
"携手",1
"写实",1
"泄露",1
"卸下",1
"心爱",1
"心狠手辣",1
"心急",1
"心碎",1
"心态",1
"心愿",1
"辛苦",1
"辛辛苦苦",1
"欣慰",1
"新人",1
"新鲜感",1
"新颖",1
"薪火",1
"薪水",1
"信件",1
"信念",1
"信徒",1
"信望",1
"信用卡",1
"星辰",1
"星光",1
"星星",1
"惺忪",1
"刑罚",1
"形成",1
"形态",1
"兴奋",1
"兴趣",1
"幸而",1
"性别",1
"性感",1
"性情",1
"性欲",1
"性质",1
"凶残",1
"凶兆",1
"胸腔",1
"胸膛",1
"雄风",1
"熊熊",1
"休眠",1
"休息",1
"休止符",1
"羞耻",1
"羞辱",1
"宿舍",1
"须发",1
"虚假",1
"虚荣",1
"需求",1
"徐徐",1
"许许多多",1
"序幕",1
"絮絮叨叨",1
"宣布",1
"宣发",1
"喧闹",1
"玄乎",1
"漩涡",1
"选手",1
"炫目",1
"炫耀",1
"学龄",1
"雪白",1
"雪崩",1
"雪恨",1
"血泊",1
"血脉",1
"血气",1
"血肉",1
"血丝",1
"血液",1
"寻常",1
"循规蹈矩",1
"讯息",1
"迅速",1
"淹没",1
"湮灭",1
"延缓",1
"严谨",1
"言简意赅",1
"言听计从",1
"研发",1
"研究所",1
"颜面",1
"俨然",1
"掩饰",1
"眼光",1
"眼花缭乱",1
"眼见",1
"眼看",1
"眼前",1
"演变",1
"厌恶",1
"厌弃",1
"扬言",1
"阳台",1
"洋楼",1
"洋洋自得",1
"样品",1
"吆喝",1
"摇旗呐喊",1
"摇尾乞怜",1
"摇摇晃晃",1
"药水",1
"要是",1
"也S",1
"也就是说",1
"冶炼厂",1
"野蛮",1
"野心",1
"液体",1
"一杯",1
"一笔",1
"一笔带过",1
"一层",1
"一刹那",1
"一出",1
"一次次",1
"一寸",1
"一大早",1
"一旦",1
"一刀",1
"一道",1
"一栋",1
"一堆",1
"一顿",1
"一方",1
"一方面",1
"一分钟",1
"一副",1
"一个2",1
"一个2分",1
"一个半",1
"一个任",1
"一个一个发",1
"一个月",1
"一个只",1
"一",1
"一根",1
"一贯",1
"一级",1
"一集",1
"一记",1
"一架",1
"一角",1
"一举",1
"一举两得",1
"一蹶不振",1
"一开",1
"一刻起",1
"一来",1
"一流",1
"一怒之下",1
"一篇",1
"一曲",1
"一去不返",1
"一圈",1
"一群",1
"一声声",1
"一首成",1
"一艘",1
"一塌糊涂",1
"一同",1
"一头",1
"一团",1
"一万次",1
"一万零一次",1
"一往无前",1
"一味",1
"一无是处",1
"一系列",1
"一下子",1
"一页",1
"一夜",1
"一员",1
"一再",1
"一尊",1
"衣钵",1
"衣服",1
"衣冠",1
"衣袖",1
"医药费",1
"医院",1
"依存",1
"依据",1
"依山傍水",1
"依稀",1
"仪式",1
"移民",1
"遗存",1
"遗留",1
"遗弃",1
"遗体",1
"遗忘",1
"疑犯",1
"疑惑",1
"以牙还牙",1
"椅子",1
"义气",1
"异类",1
"异曲同工",1
"异议",1
"呓语",1
"易碎",1
"意见",1
"意图",1
"意味",1
"意想不到",1
"意志",1
"阴差阳错",1
"音响",1
"音效",1
"吟诵",1
"银发",1
"引见",1
"引进",1
"引来",1
"引人入胜",1
"引用",1
"印记",1
"印证",1
"英国",1
"英灵",1
"樱花",1
"营造",1
"影像",1
"影星",1
"应当",1
"应对",1
"应声",1
"应邀",1
"硬化",1
"佣金",1
"庸碌",1
"永不",1
"永恒",1
"永生",1
"勇敢",1
"勇猛",1
"勇士",1
"勇为",1
"用布",1
"用户",1
"用心",1
"用于",1
"用之不竭",1
"优势",1
"优裕",1
"优质",1
"忧郁",1
"幽默",1
"幽默感",1
"悠悠",1
"由此",1
"由此可见",1
"邮件",1
"犹如",1
"犹他",1
"犹太人",1
"油瓶",1
"游荡",1
"游轮",1
"游戏",1
"有力",1
"有气无力",1
"有时候",1
"有所不同",1
"有幸",1
"有余",1
"有种",1
"幼儿园",1
"幼小",1
"余生",1
"愉快",1
"愉悦",1
"愚蠢",1
"与否",1
"与世无争",1
"与众不同",1
"羽翼",1
"玉米",1
"预想",1
"遇见",1
"A告",1
"元素",1
"原话",1
"原文",1
"原型",1
"原有",1
"原著",1
"原状",1
"原子弹",1
"原罪",1
"圆满",1
"源于",1
"远处",1
"远大",1
"远方",1
"远行",1
"远离",1
"约定",1
"月份",1
"越碓",1
"越是",1
"允许",1
"运气",1
"运用",1
"杂交",1
"杂乱",1
"砸碎",1
"灾难",1
"再不",1
"再会",1
"在家",1
"在心",1
"在意",1
"暂时",1
"暂停",1
"赞不绝口",1
"赞誉",1
"遭受",1
"早晚",1
"造访",1
"造化",1
"增加",1
"憎恶",1
"赠送",1
"宅子",1
"斩首",1
"展露",1
"战败",1
"战斗机",1
"战无不胜",1
"战友",1
"长篇",1
"长期",1
"长生不老",1
"涨价",1
"掌声",1
"掌握",1
"丈母娘",1
"仗义",1
"招架",1
"找茬",1
"找上门",1
"召唤",1
"召集",1
"照样",1
"折腰",1
"蛰伏",1
"这家",1
"这时候",1
"着力",1
"着力点",1
"着实",1
"真话",1
"真人真事",1
"真真切切",1
"震波",1
"震荡",1
"震惊",1
"争取",1
"征程",1
"征途",1
"铮铮铁骨",1
"蒸蒸日上",1
"整段",1
"整理",1
"整天",1
"正传",1
"正反",1
"正好",1
"正面",1
"正面人物",1
"正片",1
"正义感",1
"挣脱",1
"之上",1
"支付",1
"只得",1
"只怕",1
"只身",1
"知己",1
"知识",1
"执导",1
"执著",1
"直播",1
"直觉",1
"直译",1
"职员",1
"植入",1
"踯躅",1
"止咳",1
"纸巾",1
"纸条",1
"指出",1
"指定",1
"志愿",1
"制品",1
"制止",1
"治疗",1
"挚友",1
"致辞",1
"致力",1
"秩序",1
"窒息",1
"智慧",1
"中层",1
"中弹",1
"中华人民共和国",1
"中景",1
"中年人",1
"中午",1
"中心",1
"忠诚",1
"终结者",1
"终究",1
"种种",1
"众叛亲离",1
"重病",1
"重创",1
"重担",1
"重点",1
"重现",1
"重重",1
"周六",1
"周末",1
"周五",1
"咒骂",1
"珠宝",1
"猪头",1
"主管",1
"主人",1
"主题曲",1
"主页",1
"主意",1
"助教",1
"住所",1
"注册",1
"注解",1
"注意",1
"抓住",1
"专家",1
"专属",1
"砖石",1
"转变",1
"转向",1
"转型",1
"转移",1
"转折",1
"赚取",1
"撰写",1
"壮汉",1
"追兵",1
"追赶",1
"追溯",1
"追问",1
"追寻",1
"追逐",1
"准头",1
"捉住",1
"姿势",1
"资深",1
"资讯",1
"子孙",1
"自备",1
"自从",1
"自大",1
"自耕农",1
"自家",1
"自力更生",1
"自如",1
"自私",1
"自私自利",1
"自语",1
"自责",1
"字母",1
"字幕",1
"字眼",1
"综合",1
"综艺",1
"总的来说",1
"总动员",1
"总归",1
"总和",1
"总会",1
"总局",1
"总人口",1
"纵观",1
"纵使",1
"走路",1
"族类",1
"族群",1
"阻挡",1
"组合",1
"祖孙",1
"嘴里",1
"嘴脸",1
"最低",1
"最高",1
"最好",1
"最先",1
"最新",1
"昨天",1
"作出",1
"作主",1
"做到",1
"做客",1
"做梦",1
